title,item,quantity,unit_cost_rs,unit_cost_usd,total_rs,total_usd,link
Quartz/Robu/Aero,100 nF Capacitor 0603 (pack of 20),1,11 rs,,11 rs,,https://quartzcomponents.com/products/kemet-100nf-50v-0603-smd-pack-x7r-multilayer-ceramic-capacitor-10-tolerence-pack-of-20?variant=45972486193386&country=IN&currency=INR&utm_medium=product_sync&utm_source=google&utm_content=sag_organic&utm_campaign=sag_organic&srsltid=AfmBOopnfKv3gKdibyX3qxzEoiDa6hgtUaGOK5H7Lh-MDVl_BFFMZAF-OTY
Quartz/Robu/Aero,10 uf Capacitor 0603 (pack of 20),1,21 rs,,21 rs,,http://quartzcomponents.com/products/kemet-10uf-50v-0603-smd-pack-x5r-multilayer-ceramic-capacitor-20-tolerence-pack-of-20?variant=45972488650986&country=IN&currency=INR&utm_medium=product_sync&utm_source=google&utm_content=sag_organic&utm_campaign=sag_organic&srsltid=AfmBOormQjJdVIfUPm8Jzy_H09CPX3UB9iPiFBMJn146FeXnQVx0CRSwGLQ
Quartz/Robu/Aero,1 uf Capacitor 0603 (pack of 20),1,15 rs,,15 rs,,https://quartzcomponents.com/products/kemet-1uf-50v-0603-smd-pack-x5r-multilayer-ceramic-capacitor-20-tolerence-pack-of-20?variant=45972488618218&country=IN&currency=INR&utm_medium=product_sync&utm_source=google&utm_content=sag_organic&utm_campaign=sag_organic&srsltid=AfmBOoodm79gzi-zqNkVgIbF4FZf7b6woSnsmceA7LnPTW8xGegxe5R3Pns
Quartz/Robu/Aero,470 uF electrolytic capacitor SMD,1,11 rs,,11 rs,,https://quartzcomponents.com/products/470uf-16v-smd-electrolytic-capacitor?variant=44687016198378&country=IN&currency=INR&utm_medium=product_sync&utm_source=google&utm_content=sag_organic&utm_campaign=sag_organic&srsltid=AfmBOoo1qnhF7xqrfm20LRN1f3cxOEsIv1kXltBlRScw_uugCixvfBv1LBU
Quartz/Robu/Aero,100 uF electrolytic capacitor SMD,1,7 rs,,7 rs,,https://quartzcomponents.com/products/100uf-35v-smd-electrolytic-capacitor?variant=44686980612330&country=IN&currency=INR&utm_medium=product_sync&utm_source=google&utm_content=sag_organic&utm_campaign=sag_organic&srsltid=AfmBOopRpYsIrRTNkJwJFE-qxznmR0F21zJkkX88dSpECcPY746rEjhJZ18
Quartz/Robu/Aero,1k resistor 0603 (pack of 20),1,8 rs,,8 rs,,https://quartzcomponents.com/products/1k-ohm-0603-package-1-10w-smd-resistor-5-tolerance-pack-of-20-pieces?variant=44678124044522&country=IN&currency=INR&utm_medium=product_sync&utm_source=google&utm_content=sag_organic&utm_campaign=sag_organic&srsltid=AfmBOooTZUS1zsB4f3PE5dWbeMA6i-khZqG8HhMp-ZGxgsbvsS7hYUcOOro
Quartz/Robu/Aero,10K resistor 0603 (pack of 20),1,9 rs,,9 rs,,https://quartzcomponents.com/products/yageo-10k-ohm-0603-package-1-10w-smd-resistor-1-tolerance-pack-of-20-pieces?variant=45952340623594&country=IN&currency=INR&utm_medium=product_sync&utm_source=google&utm_content=sag_organic&utm_campaign=sag_organic&srsltid=AfmBOop3qqJtrJQFl8tLjY1rHIezBc7-mGV0Q7ZtnD6Ue6rfLTnygAlYDqg
Quartz/Robu/Aero,1.2k resistor 0603 (pack of 20),1,8 rs,,8 rs,,https://quartzcomponents.com/products/1-2k-ohm-0603-package-1-10w-smd-resistor-5-tolerance-pack-of-20-pieces?variant=44677795971306&country=IN&currency=INR&utm_medium=product_sync&utm_source=google&utm_content=sag_organic&utm_campaign=sag_organic&srsltid=AfmBOoqCzmcPi8RWpmCdTY6m1ArLwkAM38tK01N18EkXct6kPDtXUde1lPQ
Quartz/Robu/Aero,100Ω resistor 0603 (pack of 20),1,9 rs,,9 rs,,http://quartzcomponents.com/products/yageo-100-ohm-0603-package-1-10w-smd-resistor-1-tolerance-pack-of-20-pieces?variant=45952333578474&country=IN&currency=INR&utm_medium=product_sync&utm_source=google&utm_content=sag_organic&utm_campaign=sag_organic&srsltid=AfmBOopiorQMJMH0dD5hcQRUIVfxJ6WvwUaRMObZnqLVLO1lfMPZVC1F0EE
Quartz/Robu/Aero,5.1k resistor 0603 (pack of 20),1,6 rs,,6 rs,,https://quartzcomponents.com/products/yageo-5-1k-ohm-0603-package-1-10w-smd-resistor-1-tolerance-pack-of-20-pieces?variant=45985100988650&country=IN&currency=INR&utm_medium=product_sync&utm_source=google&utm_content=sag_organic&utm_campaign=sag_organic&srsltid=AfmBOorH8L1eFtB1-geEdVXaVFxpQT2Zs7EzmjMSqO0NkfrEaKZ44usU9sg
Quartz/Robu/Aero,75K resistor 0603 (pack of 20),1,9 rs,,9 rs,,https://quartzcomponents.com/products/yageo-100-ohm-0603-package-1-10w-smd-resistor-1-tolerance-pack-of-20-pieces?variant=45952333578474&country=IN&currency=INR&utm_medium=product_sync&utm_source=google&utm_content=sag_organic&utm_campaign=sag_organic&srsltid=AfmBOopiorQMJMH0dD5hcQRUIVfxJ6WvwUaRMObZnqLVLO1lfMPZVC1F0EE
Quartz/Robu/Aero,22Ω 0603 resistor (pack of 20),1,5 rs,,5 rs,,https://quartzcomponents.com/products/yageo-22-ohm-0603-package-1-10w-smd-resistor-5-tolerance-pack-of-20-pieces?variant=45984045826282&country=IN&currency=INR&utm_medium=product_sync&utm_source=google&utm_content=sag_organic&utm_campaign=sag_organic&srsltid=AfmBOoqNPiuY_PDdXFiXSDx8KOJn5hZ02Iavzdcj-pRuffzPIcdEvBVQOoI
Quartz/Robu/Aero,2.2K 0603 resistor (pack of 20),1,8 rs,,8 rs,,https://quartzcomponents.com/products/2-2k-ohm-0603-package-1-10w-smd-resistor-5-tolerance-pack-of-20-pieces?variant=44678124503274&country=IN&currency=INR&utm_medium=product_sync&utm_source=google&utm_content=sag_organic&utm_campaign=sag_organic&srsltid=AfmBOorMf9MVhEJ4brYGQ_NgPtpd3Fa4F0yGLzFaSKFHaoVyQLUmVOA5hQU
Quartz/Robu/Aero,10Ω 0603 resistor (pack of 20),1,11 rs,,11 rs,,https://quartzcomponents.com/products/yageo-10-ohm-0603-package-1-10w-smd-resistor-1-tolerance-pack-of-20-pieces?variant=45952331022570&country=IN&currency=INR&utm_medium=product_sync&utm_source=google&utm_content=sag_organic&utm_campaign=sag_organic&srsltid=AfmBOoqUeIaNl97YTTndRBMInGg19xPZ6gbHj_jKugjYSWfkCaf0yJZXP2c
Quartz/Robu/Aero,USB TYPE-C 3.1 16 PIN,2,6 rs,,12 rs,,https://quartzcomponents.com/products/c-type-usb-port-plug-16-pin-smd-smt-jack-solder-connector?variant=45959582351594&country=IN&currency=INR&utm_medium=product_sync&utm_source=google&utm_content=sag_organic&utm_campaign=sag_organic&srsltid=AfmBOorlDxhURSCllkQA-Ubw9SVkdQQaCbmdcpwe_ewM4-xBP7dmsA0utfE
Quartz/Robu/Aero,ESP32-S3-WROOM-1 N16R8 Module,1,367 rs,,367 rs,,https://robu.in/product/espressif-esp32-wroom-32e-n16-module/?gad_source=1&gad_campaignid=17413441824&gclid=CjwKCAiAv5bMBhAIEiwAqP9GuFFtukshFuj8zmDOsadCES2A5rLQ1vcUes1r7ojZ2MNeAR45VA02BxoCjsYQAvD_BwE
Quartz/Robu/Aero,A9G GSM/GPRS/GPS Module,1,650 rs,,650 rs,,https://aerokartindia.in/product/ai-thinker-a9g-gprs-series-module/?srsltid=AfmBOoprVJgg3dNBCt0HipayflhrphwPdQDOAKkFIU50p44QuJhKxL16HGY
Quartz/Robu/Aero,AMS1117-3.3V Voltage Regulator SOT-223,2,8 rs,,16 rs,,https://quartzcomponents.com/products/ams117-3-3v-smd-voltage-regulator-3-3v?variant=35653066752153&country=IN&currency=INR&utm_medium=product_sync&utm_source=google&utm_content=sag_organic&utm_campaign=sag_organic&srsltid=AfmBOor5yRZdI8JSz6CnGinzbMh1zW2472XfG-mUcyd1Ik1H6U7uwqr1W2g
Quartz/Robu/Aero,DW01A Battery Protection IC,2,4 rs,,8 rs,,https://quartzcomponents.com/products/dw01a-lithium-ion-lithium-polymer-battery-protection-ic-sot-23-6-smd-package?variant=45090775204074&country=IN&currency=INR&utm_medium=product_sync&utm_source=google&utm_content=sag_organic&utm_campaign=sag_organic?utm_source=google&utm_medium=FreeListings&srsltid=AfmBOopaqM265KrUQFpDHvNtoSQa2BhEQrTrn3hdV7jEZ7i18wJSniKExf
Quartz/Robu/Aero,MT3608 Step-Up Converter,1,11 rs,,22 rs,,https://robu.in/product/mt3608-xian-aerosemi-tech-boost-type-adjustable-2a-2v24v-sot-23-6-dc-dc-converters-rohs/
Quartz/Robu/Aero,FS8205A,2,5 rs,,10 rs,,https://quartzcomponents.com/products/fs8205a-dual-n-channel-power-mosfet-tssop-8-package?variant=45108749467882&country=IN&currency=INR&utm_medium=product_sync&utm_source=google&utm_content=sag_organic&utm_campaign=sag_organic&srsltid=AfmBOortu6IVpoaGA1MsOxUJhfb98oX593FlukBAKQ-ZaavC_BDgcH1XD_8
Quartz/Robu/Aero,schotkky diode,2,3 rs,,6 rs,,https://quartzcomponents.com/products/ss34-3a-40v-schottky-diode-big-smd-do-214ab-smc?variant=45090730213610&country=IN&currency=INR&utm_medium=product_sync&utm_source=google&utm_content=sag_organic&utm_campaign=sag_organic&srsltid=AfmBOoqYL4UuhSCNlZop6JilovdNrUi0lwQPyl2L_DmsVe7MjnFCDSTo-Bo
Quartz/Robu/Aero,LED green 0805 SMD (pack of 50),1,20 rs,,20 rs,,https://quartzcomponents.com/products/green-led-smd-0805-package-pack-of-50?variant=44704069288170&country=IN&currency=INR&utm_medium=product_sync&utm_source=google&utm_content=sag_organic&utm_campaign=sag_organic&srsltid=AfmBOop7uWsyZMNc2j3j__eG91DGzj-Iz0mwQhU-KI_SUbaU3UGPz0_VdK8
Quartz/Robu/Aero,LED yellow 0805 SMD (pack of 50),1,20 rs,,20 rs,,https://quartzcomponents.com/products/yellow-led-smd-0805-package-pack-of-50?variant=44704070369514&country=IN&currency=INR&utm_medium=product_sync&utm_source=google&utm_content=sag_organic&utm_campaign=sag_organic&srsltid=AfmBOorHHEX9N_Qa3Kx1LZ2KpQaNh-kxrpF_jSZVKrzUjJXsHzkpZ8kfFVg
Quartz/Robu/Aero,Microphone CMA-4544PF-W,1,45 rs,,45 rs,,https://robu.in/product/microphone-97mm-pack-of-3/
Quartz/Robu/Aero,2P Battery Connector 2.00mm,1,13 rs,,13 rs,,https://robu.in/product/s2b-xh-alfsn-jst-1x2p-2p-xh-tin-2-25%E2%84%8385%E2%84%83-3a-1-2-5mm-brass-bend-insert-push-pullp2-5mm-wire-to-board-connector-rohs/?gad_source=1&gad_campaignid=17427802703&gclid=CjwKCAiAv5bMBhAIEiwAqP9GuNGof2GnprUKj0MFyOCbIIdHB_Goa6iDXlFKLIfhehZBrpr-0kFuTBoCiXoQAvD_BwE
Quartz/Robu/Aero,Male Berg strips,2,14 rs,,28 rs,,https://robu.in/product/1-month-warranty-898/
Quartz/Robu/Aero,Robu Shipping charges,1,50 rs,,50 rs,,
Quartz/Robu/Aero,quartz shipping charges,1,50 rs,,50 rs,,
Quartz/Robu/Aero,aero kart india shipping charges,1,125 rs,,125 rs,,
Quartz/Robu/Aero,Tax,1,158.40 rs,,180.40 rs,,
LCSC,47 uF 0603,10,,0.0627 usd,,0.63 usd,https://www.lcsc.com/product-detail/C140782.html?spm=wm.gwc.xh.0.tp___wm.fly.ssl.gwc&lcsc_vid=RVNcVlIFRAUIAQJfRVdeUlwDFVldBVUFE1QNVVFXRVAxVlNRT1dZVlBWT1NbUjsOAxUeFF5JWBYZEEoKFBINSQcJGk4NBhYS
LCSC,22 uF 0604,5,,0.0501 usd,,0.25 usd,https://www.lcsc.com/product-detail/C2762594.html?spm=wm.gwc.xh.1.tp___wm.fly.ssl.gwc&lcsc_vid=RVNcVlIFRAUIAQJfRVdeUlwDFVldBVUFE1QNVVFXRVAxVlNRT1dZVlBWT1NbUjsOAxUeFF5JWBYZEEoKFBINSQcJGk4NBhYS
LCSC,TP4056-42-ESOP8,5,,0.1864 usd,,0.93 usd,https://www.lcsc.com/product-detail/C16581.html?spm=wm.gwc.xh.2.tp___wm.fly.ssl.gwc&lcsc_vid=RVNcVlIFRAUIAQJfRVdeUlwDFVldBVUFE1QNVVFXRVAxVlNRT1dZVlBWT1NbUjsOAxUeFF5JWBYZEEoKFBINSQcJGk4NBhYS
LCSC,22 uH inductor SMD,5,,0.1782 usd,,0.89 usd,https://www.lcsc.com/product-detail/C27442.html?spm=wm.gwc.xh.3.tp___wm.fly.ssl.gwc&lcsc_vid=RVNcVlIFRAUIAQJfRVdeUlwDFVldBVUFE1QNVVFXRVAxVlNRT1dZVlBWT1NbUjsOAxUeFF5JWBYZEEoKFBINSQcJGk4NBhYS
LCSC,tactile switches,20,,0.0322 usd,,0.64 usd,https://www.lcsc.com/product-detail/C49234152.html?spm=wm.gwc.xh.4.tp___wm.fly.ssl.gwc&lcsc_vid=RVNcVlIFRAUIAQJfRVdeUlwDFVldBVUFE1QNVVFXRVAxVlNRT1dZVlBWT1NbUjsOAxUeFF5JWBYZEEoKFBINSQcJGk4NBhYS
LCSC,SIM card holder,2,,0.393 usd,,0.79 usd,https://www.lcsc.com/product-detail/C7419932.html?spm=wm.gwc.xh.5.tp___wm.fly.ssl.gwc&lcsc_vid=RVNcVlIFRAUIAQJfRVdeUlwDFVldBVUFE1QNVVFXRVAxVlNRT1dZVlBWT1NbUjsOAxUeFF5JWBYZEEoKFBINSQcJGk4NBhYS
LCSC,SD card holder,10,,0.0513 usd,,0.51 usd,https://www.lcsc.com/product-detail/C7529391.html?spm=wm.gwc.xh.6.tp___wm.fly.ssl.gwc&lcsc_vid=RVNcVlIFRAUIAQJfRVdeUlwDFVldBVUFE1QNVVFXRVAxVlNRT1dZVlBWT1NbUjsOAxUeFF5JWBYZEEoKFBINSQcJGk4NBhYS
LCSC,ufl connector,10,,0.0399 usd,,0.40 usd,https://www.lcsc.com/product-detail/C5137195.html?spm=wm.gwc.xh.7.tp___wm.fly.ssl.gwc&lcsc_vid=RVNcVlIFRAUIAQJfRVdeUlwDFVldBVUFE1QNVVFXRVAxVlNRT1dZVlBWT1NbUjsOAxUeFF5JWBYZEEoKFBINSQcJGk4NBhYS
LCSC,MAX485ESA+T,2,,0.9175 usd,,1.84 usd,https://www.lcsc.com/product-detail/C19738.html?spm=wm.gwc.xh.8.tp___wm.fly.ssl.gwc&lcsc_vid=RVNcVlIFRAUIAQJfRVdeUlwDFVldBVUFE1QNVVFXRVAxVlNRT1dZVlBWT1NbUjsOAxUeFF5JWBYZEEoKFBINSQcJGk4NBhYS
Summary,Total,,,2167 rs,23 usd approx.,
JLCPCB,PCB,,, ,4 usd,